month,maximum_rainfall_in_a_day,no_of_rainy_days,total_rainfall,mean_rh,mean_sunshine_hrs,temp_mean_daily_min,total_visitor,wet_bulb_temperature
1982-01-01,36.5,10,107.1,81.2,5.6,23.3,239088,23.45604838709677
1982-02-01,9.4,5,27.8,79.5,7.6,23.9,225008,24.297619047619047
1982-03-01,61.7,11,160.8,82.3,5.1,24.3,235113,24.811559139784944
1982-04-01,45.1,14,157.0,85.9,4.7,24.3,225827,25.10375
1982-05-01,33.0,10,102.2,83.2,5.8,25.2,232737,25.689650537634407
1982-06-01,20.6,8,59.5,80.3,7.3,26.0,243955,25.729305555555552
1982-07-01,17.2,8,76.3,77.6,7.6,25.5,277968,25.107258064516127
1982-08-01,57.7,11,169.5,80.4,5.4,25.0,281354,25.02755376344086
1982-09-01,18.0,9,54.1,80.6,5.2,25.3,232006,25.243055555555557
1982-10-01,10.0,10,39.3,81.5,5.6,24.3,251613,24.90067204301075
1982-11-01,39.6,13,134.0,83.4,5.8,24.5,257389,25.068888888888885
1982-12-01,109.0,21,494.1,87.7,3.3,23.9,254632,24.621639784946236
1983-01-01,43.2,18,246.0,85.6,4.3,24.0,232164,24.554973118279573
1983-02-01,5.1,2,5.6,78.0,9.3,24.8,212591,24.97440476190476
1983-03-01,18.3,2,18.6,76.0,8.9,25.4,242272,25.439247311827955
1983-04-01,21.3,4,33.6,77.2,6.6,26.3,226610,26.09347222222222
1983-05-01,32.3,11,160.8,83.2,5.9,25.2,236720,25.95685483870968
1983-06-01,27.7,11,94.0,82.4,5.9,25.3,227843,25.872500000000002
1983-07-01,55.5,18,190.0,83.7,5.4,24.9,249891,25.422043010752688
1983-08-01,181.8,10,262.2,81.2,6.3,25.6,263236,25.54959677419355
1983-09-01,50.3,18,170.8,84.4,3.8,24.6,230076,25.13722222222222
1983-10-01,40.0,17,212.7,82.5,5.2,24.7,240012,25.239247311827956
1983-11-01,54.8,18,228.8,85.2,3.2,24.0,237223,24.687638888888888
1983-12-01,164.4,16,370.6,88.0,2.7,23.3,254939,23.882526881720427
1984-01-01,62.3,18,251.2,85.8,4.1,22.9,233863,23.667876344086025
1984-02-01,154.4,19,470.4,86.0,4.1,23.4,221968,24.00991379310345
1984-03-01,119.4,19,361.3,85.4,5.3,23.8,239414,24.6002688172043
1984-04-01,38.7,17,153.1,83.8,6.2,24.5,245480,25.178472222222222
1984-05-01,46.0,12,186.5,84.1,6.4,24.5,248953,25.15645161290323
1984-06-01,121.1,14,255.0,83.1,5.4,24.7,240184,25.2575
1984-07-01,49.2,12,127.2,83.7,5.7,24.7,261402,24.984274193548387
1984-08-01,22.5,13,102.7,84.1,6.0,24.3,282186,25.241935483870968
1984-09-01,46.5,17,186.7,83.9,4.9,23.7,239438,24.65791666666667
1984-10-01,47.2,11,187.5,82.5,5.3,24.3,257737,25.00712365591398
1984-11-01,35.4,17,127.7,86.3,4.3,24.0,248137,24.650138888888886
1984-12-01,58.4,22,277.4,86.7,3.3,23.6,272668,24.245833333333334
1985-01-01,35.5,7,111.1,81.5,8.7,23.6,248446,24.091129032258063
1985-02-01,18.7,11,79.3,84.0,6.5,24.1,230830,24.892857142857142
1985-03-01,23.8,13,88.0,83.9,5.6,24.2,262117,24.92822580645161
1985-04-01,29.3,14,110.5,83.8,5.5,24.4,237011,25.28291666666667
1985-05-01,36.2,12,70.1,83.4,5.7,25.2,244179,25.736962365591395
1985-06-01,9.9,14,37.0,79.4,5.8,25.1,247225,25.32333333333333
1985-07-01,32.2,17,131.8,83.1,5.3,23.9,264253,24.738575268817204
1985-08-01,21.4,11,56.9,80.4,6.2,25.1,279252,25.07983870967742
1985-09-01,22.0,18,110.7,83.1,5.0,24.0,240007,24.693055555555556
1985-10-01,30.2,21,169.0,84.7,4.1,23.9,249802,24.6747311827957
1985-11-01,38.2,21,179.4,85.0,4.1,23.8,250465,24.571805555555557
1985-12-01,86.8,22,340.1,86.2,4.6,23.7,277383,24.273118279569893
1986-01-01,95.6,13,308.2,83.9,3.9,23.4,262351,23.615591397849464
1986-02-01,23.0,2,26.7,78.4,7.2,23.9,236979,23.99955357142857
1986-03-01,71.1,17,353.4,86.6,4.6,24.1,260497,24.6747311827957
1986-04-01,56.4,14,150.0,85.3,6.2,24.7,245614,25.42013888888889
1986-05-01,51.3,13,145.1,81.8,6.1,25.4,248171,25.686155913978496
1986-06-01,34.5,13,122.9,82.5,6.8,25.3,257252,25.542222222222225
1986-07-01,23.5,12,109.7,79.9,6.2,25.0,275976,25.11209677419355
1986-08-01,28.4,11,72.9,77.3,5.6,25.2,304666,25.126478494623655
1986-09-01,97.6,22,396.0,84.4,4.8,23.6,259582,24.64486111111111
1986-10-01,65.6,20,227.3,85.0,5.0,24.3,275773,24.90537634408602
1986-11-01,40.5,21,256.7,84.1,4.5,24.1,266980,24.504583333333333
1986-12-01,131.7,16,367.2,85.2,5.4,23.9,297217,24.403494623655916
1987-01-01,127.4,16,568.6,86.0,4.0,23.4,284588,23.70255376344086
1987-02-01,34.8,7,86.9,79.0,9.2,23.7,273405,23.781994047619047
1987-03-01,40.9,12,132.5,83.2,6.9,24.8,293774,25.19475806451613
1987-04-01,27.7,10,72.5,82.8,6.2,25.1,287663,25.573194444444447
1987-05-01,81.4,16,270.0,84.6,5.6,25.0,291469,25.55766129032258
1987-06-01,30.7,15,126.6,80.7,6.8,26.0,283828,26.001527777777774
1987-07-01,21.6,11,80.9,81.3,6.7,25.4,342882,25.540188172043013
1987-08-01,48.2,16,191.9,83.6,5.1,25.0,353788,25.20483870967742
1987-09-01,44.5,11,129.9,82.5,5.4,24.6,302983,25.21027777777778
1987-10-01,5.9,9,22.6,82.1,5.8,25.2,315112,25.403897849462364
1987-11-01,77.7,17,347.6,84.0,4.5,24.3,307067,25.099861111111114
1987-12-01,24.3,11,72.8,84.6,4.8,24.2,342250,24.40981182795699
1988-01-01,69.0,15,237.5,84.3,5.9,24.5,328447,24.706989247311828
1988-02-01,46.7,9,158.1,83.2,6.7,24.6,312406,24.87528735632184
1988-03-01,70.1,15,186.8,85.3,5.2,24.8,347373,25.28682795698925
1988-04-01,22.8,13,109.6,84.5,5.4,25.2,331647,25.7025
1988-05-01,76.7,14,229.6,82.7,5.6,25.8,318454,26.008467741935483
1988-06-01,69.4,13,252.2,81.6,6.5,24.9,319362,25.459305555555556
1988-07-01,75.6,15,305.4,84.0,6.0,24.6,377985,25.204435483870967
1988-08-01,19.0,14,80.1,84.9,4.9,24.5,388077,25.002150537634407
1988-09-01,187.3,14,440.4,84.5,4.8,24.5,341254,25.004722222222224
1988-10-01,39.8,17,134.6,83.2,4.1,24.5,365581,25.170295698924733
1988-11-01,111.9,23,401.4,86.8,3.7,23.7,361734,24.58527777777778
1988-12-01,22.0,11,62.9,81.1,5.7,23.9,393771,23.718413978494624
1989-01-01,53.0,10,189.7,84.1,5.8,23.9,380096,24.39704301075269
1989-02-01,48.4,3,52.4,78.3,6.7,23.7,353789,23.703869047619047
1989-03-01,63.5,21,305.9,87.6,4.5,23.9,404795,24.72204301075269
1989-04-01,39.0,17,198.6,86.4,5.7,24.0,375679,25.190555555555555
1989-05-01,38.2,12,194.0,86.6,5.2,24.5,362982,25.4755376344086
1989-06-01,45.9,12,117.6,83.3,6.0,24.4,367275,25.19611111111111
1989-07-01,33.3,12,157.6,82.6,6.0,24.9,435972,25.386559139784943
1989-08-01,81.4,18,201.0,83.7,5.3,23.9,443375,24.966397849462364
1989-09-01,102.2,14,247.3,84.4,5.5,24.1,406340,24.846249999999998
1989-10-01,24.9,16,111.0,83.7,5.5,24.2,423336,24.87983870967742
1989-11-01,148.6,20,508.4,86.0,5.4,24.0,425918,24.7975
1989-12-01,44.2,18,179.7,85.5,4.8,23.9,450000,24.37889784946237
1990-01-01,73.9,13,147.4,83.8,5.3,23.7,432993,24.04731182795699
1990-02-01,6.6,8,24.1,80.9,8.9,24.9,424670,24.96175595238095
1990-03-01,48.6,4,94.2,77.6,8.3,25.0,445528,25.07956989247312
1990-04-01,12.0,10,52.4,81.2,6.3,25.3,430272,25.885972222222225
1990-05-01,153.7,11,180.1,81.1,6.5,25.6,409797,25.933064516129033
1990-06-01,76.1,9,112.6,80.7,6.3,25.4,409635,25.693888888888885
1990-07-01,44.5,12,124.0,82.7,5.9,24.6,474861,25.131048387096776
1990-08-01,38.3,13,146.6,82.3,5.8,25.1,492544,25.5747311827957
1990-09-01,44.5,17,204.5,83.2,5.1,24.2,427523,24.9775
1990-10-01,20.2,12,56.4,83.5,5.9,24.9,435281,25.24516129032258
1990-11-01,46.9,17,180.4,83.5,4.6,24.7,448573,24.983611111111113
1990-12-01,33.5,16,201.1,86.0,5.5,24.1,488768,24.47231182795699
1991-01-01,36.2,13,123.9,84.1,5.6,24.2,432267,24.58454301075269
1991-02-01,17.9,7,45.5,81.6,7.0,24.1,363536,24.620386904761908
1991-03-01,48.6,10,92.4,79.9,7.1,24.7,403287,25.046370967741936
1991-04-01,32.2,13,134.2,84.3,5.8,24.7,418722,25.61513888888889
1991-05-01,44.0,23,256.4,86.6,5.1,25.0,411284,25.91021505376344
1991-06-01,55.6,9,88.7,81.0,7.1,25.8,445771,25.97041666666667
1991-07-01,10.7,8,37.3,78.7,6.7,25.7,494626,25.533736559139783
1991-08-01,129.9,8,226.2,79.8,5.3,25.3,519640,25.4
1991-09-01,53.6,12,123.1,83.0,4.1,24.7,459836,25.269305555555558
1991-10-01,20.4,5,52.0,81.4,4.2,24.7,472918,24.985483870967744
1991-11-01,75.2,19,205.0,86.5,3.5,23.6,473327,24.49291666666667
1991-12-01,79.4,19,492.3,90.7,3.0,23.4,519200,24.43938172043011
1992-01-01,56.2,9,83.9,82.4,6.6,23.8,485463,24.29274193548387
1992-02-01,43.2,4,62.4,80.5,7.7,24.3,500155,24.784913793103446
1992-03-01,35.1,6,67.6,80.6,7.4,25.0,478996,25.50577956989247
1992-04-01,94.7,13,160.3,82.4,6.4,25.1,485536,25.965
1992-05-01,13.7,13,63.1,83.3,5.7,25.1,449648,25.8505376344086
1992-06-01,38.4,14,162.8,82.7,5.5,24.9,472933,25.671666666666663
1992-07-01,97.3,19,290.8,83.8,4.7,24.2,548049,25.1630376344086
1992-08-01,31.0,11,76.1,81.1,5.7,24.3,547776,25.18978494623656
1992-09-01,17.5,13,83.6,82.9,5.0,24.5,486642,25.035694444444445
1992-10-01,45.5,20,233.2,82.0,4.5,24.3,488746,24.988306451612903
1992-11-01,120.6,18,474.3,87.7,3.7,23.7,498866,24.479999999999997
1992-12-01,105.7,23,502.7,90.3,3.4,23.4,547027,24.283467741935485
1993-01-01,37.2,11,176.4,85.7,5.5,23.8,514013,24.335752688172043
1993-02-01,27.0,8,69.2,80.5,8.5,23.8,485346,24.083035714285714
1993-03-01,56.9,14,250.5,86.3,5.4,24.0,547795,24.861021505376343
1993-04-01,56.7,20,283.9,84.5,6.4,24.4,501180,25.485416666666666
1993-05-01,37.2,10,129.9,82.9,6.0,25.4,491664,25.850403225806453
1993-06-01,29.4,17,115.5,80.9,6.2,25.4,524277,25.831666666666667
1993-07-01,46.4,15,240.0,83.2,5.2,25.2,583347,25.60470430107527
1993-08-01,53.5,11,106.8,79.4,7.4,25.4,608843,25.729032258064517
1993-09-01,42.0,7,61.7,81.4,5.9,24.9,504648,25.335
1993-10-01,62.7,13,175.5,84.3,5.2,24.7,533969,25.36599462365591
1993-11-01,61.3,18,250.8,87.4,4.7,24.2,537176,25.185555555555553
1993-12-01,67.6,19,308.5,87.4,4.2,24.0,593419,24.86532258064516
1994-01-01,17.5,7,56.9,82.1,6.1,24.1,549022,24.526344086021503
1994-02-01,26.3,15,133.5,84.5,6.4,24.0,527574,24.952976190476193
1994-03-01,64.2,19,288.2,87.1,3.5,24.2,626918,25.100403225806453
1994-04-01,46.3,15,154.0,84.8,5.8,24.8,540643,25.803333333333335
1994-05-01,45.1,16,169.6,84.8,5.0,25.1,509545,26.023655913978494
1994-06-01,61.1,14,184.7,83.5,6.0,25.2,531476,25.833194444444448
1994-07-01,17.0,6,53.8,78.9,7.6,25.7,642768,25.547580645161293
1994-08-01,15.5,12,45.1,80.0,6.5,25.2,664329,25.402419354838713
1994-09-01,11.3,6,23.7,78.7,3.8,25.5,551510,25.410833333333333
1994-10-01,35.4,11,84.7,81.5,4.5,24.6,564144,25.294758064516127
1994-11-01,178.3,21,322.2,88.4,4.5,24.0,569103,25.15263888888889
1994-12-01,133.8,18,425.4,85.5,5.3,24.1,621277,24.94327956989247
1995-01-01,108.3,21,349.4,86.2,5.0,24.1,575652,24.95779569892473
1995-02-01,159.3,16,334.0,87.5,4.9,23.9,556744,24.79925595238095
1995-03-01,31.1,10,67.7,83.9,5.9,24.6,619688,25.396102150537637
1995-04-01,73.6,16,242.3,85.3,5.6,25.0,548881,25.946805555555557
1995-05-01,32.8,11,84.4,83.7,6.0,25.6,535270,26.279301075268815
1995-06-01,45.0,12,63.7,81.9,6.6,25.8,549326,26.335694444444446
1995-07-01,52.3,13,173.6,82.6,5.2,25.2,676075,25.65215053763441
1995-08-01,37.9,21,211.6,85.6,4.1,24.6,688445,25.47271505376344
1995-09-01,5.7,7,29.5,81.6,5.8,25.1,583492,25.764305555555556
1995-10-01,37.1,12,101.1,82.8,4.7,24.8,588420,25.463575268817205
1995-11-01,198.6,20,372.8,86.8,3.7,24.1,589339,25.218611111111112
1995-12-01,55.6,20,302.5,86.6,3.1,23.9,625206,24.549059139784948
1996-01-01,39.0,10,173.2,84.2,5.2,23.4,599742,24.08521505376344
1996-02-01,53.0,11,180.2,84.6,5.8,24.0,595491,24.44942528735632
1996-03-01,61.8,8,129.7,81.0,7.7,24.5,641447,25.12889784946237
1996-04-01,55.7,15,178.2,85.5,5.4,24.9,584109,25.83888888888889
1996-05-01,18.6,15,107.5,83.7,7.0,25.2,551828,26.278494623655916
1996-06-01,94.3,15,265.8,84.3,5.9,25.3,586963,26.14916666666667
1996-07-01,55.3,10,162.3,81.9,6.7,25.4,651103,25.853763440860217
1996-08-01,64.6,18,258.4,83.4,5.0,24.3,655073,25.179032258064517
1996-09-01,66.5,18,297.0,82.2,4.8,24.6,548876,25.317222222222224
1996-10-01,45.8,19,300.0,83.0,4.3,24.4,600917,25.179973118279573
1996-11-01,60.5,16,180.2,83.5,4.4,24.6,599164,25.067777777777778
1996-12-01,72.4,15,185.5,82.9,4.5,23.9,677653,24.34032258064516
1997-01-01,13.9,3,15.4,77.3,7.7,24.0,612265,23.996774193548386
1997-02-01,35.7,8,105.4,80.8,4.9,24.5,634403,24.758482142857144
1997-03-01,17.4,10,34.3,79.6,7.0,24.9,657483,25.227688172043013
1997-04-01,44.6,12,118.4,82.7,5.6,25.0,595444,25.68263888888889
1997-05-01,35.6,6,41.6,77.7,6.7,26.3,582119,26.157526881720432
1997-06-01,25.0,12,78.9,76.7,7.3,26.0,607848,25.96847222222222
1997-07-01,5.4,9,18.6,76.5,6.5,26.0,692050,25.524327956989247
1997-08-01,61.4,9,86.6,78.2,5.7,25.9,645090,25.7252688172043
1997-09-01,24.3,3,31.1,77.0,3.2,26.3,564369,25.580277777777777
1997-10-01,36.5,8,78.4,81.0,3.2,25.1,495322,25.561693548387098
1997-11-01,53.6,13,158.3,82.8,5.4,24.8,535236,25.43972222222222
1997-12-01,65.8,23,351.9,85.3,5.3,24.6,576242,25.358467741935485
1998-01-01,79.7,13,268.8,83.2,7.4,25.3,509727,25.736424731182797
1998-02-01,11.9,5,32.5,78.3,8.9,25.9,497566,25.87827380952381
1998-03-01,20.9,7,58.8,77.8,7.6,26.3,519496,26.263440860215052
1998-04-01,64.9,13,187.7,81.8,6.7,26.3,491496,26.697222222222223
1998-05-01,83.7,18,370.8,82.3,5.9,26.3,548506,26.913978494623656
1998-06-01,42.8,15,198.8,82.1,5.3,25.4,487361,26.106944444444444
1998-07-01,55.8,18,259.2,81.8,5.1,24.9,556870,25.640860215053763
1998-08-01,35.5,18,195.0,85.4,4.6,24.7,569901,25.504435483870967
1998-09-01,52.0,17,258.2,84.1,4.5,24.9,482654,25.755277777777778
1998-10-01,32.4,20,222.7,82.3,5.0,24.6,498695,25.591397849462364
1998-11-01,57.5,11,107.2,81.9,4.6,24.9,506970,25.448749999999997
1998-12-01,84.4,22,463.4,88.5,3.1,24.2,572910,25.08508064516129
1999-01-01,52.5,19,193.9,88.3,3.9,24.3,570444,25.05483870967742
1999-02-01,32.1,9,67.4,82.4,6.7,24.5,517554,24.86636904761905
1999-03-01,52.4,16,181.4,87.5,4.3,24.4,580426,25.45228494623656
1999-04-01,29.2,14,88.5,82.6,5.8,25.4,524455,25.886805555555554
1999-05-01,42.8,13,157.1,84.4,5.7,25.3,558554,25.910618279569892
1999-06-01,34.5,13,103.4,81.9,6.0,25.3,575055,25.735972222222223
1999-07-01,51.4,11,225.4,82.7,6.8,24.7,629435,25.40255376344086
1999-08-01,42.4,13,204.0,84.1,5.7,24.5,629991,25.37244623655914
1999-09-01,41.5,13,125.9,81.7,6.5,24.9,557649,25.40402777777778
1999-10-01,32.8,20,205.0,84.6,4.7,24.3,604306,25.106182795698924
1999-11-01,39.0,19,241.5,84.4,4.7,24.5,594301,25.14402777777778
1999-12-01,76.9,17,340.5,85.3,4.1,24.1,616031,24.823924731182796
2000-01-01,127.6,14,275.2,86.9,4.0,23.9,637852,24.6377688172043
2000-02-01,39.9,18,237.8,86.5,5.8,23.8,601281,24.785344827586204
2000-03-01,37.9,15,238.3,85.8,5.8,24.3,640922,25.315188172043012
2000-04-01,87.4,20,311.6,85.6,5.3,24.6,636970,25.554305555555555
2000-05-01,36.7,10,96.8,82.4,6.8,25.7,595838,26.170698924731184
2000-06-01,41.7,16,157.5,84.3,4.6,24.7,609008,25.51236111111111
2000-07-01,34.6,12,116.1,82.6,6.5,25.3,707413,25.746370967741935
2000-08-01,28.1,18,113.5,83.8,5.1,24.8,695965,25.354569892473116
2000-09-01,25.7,12,81.1,82.2,6.2,25.2,612708,25.6075
2000-10-01,38.3,14,120.9,82.1,4.0,24.9,636185,25.331989247311828
2000-11-01,72.0,21,385.7,87.1,3.7,24.7,625618,25.583194444444448
2000-12-01,45.8,18,236.0,87.6,4.2,24.4,691639,25.335887096774197
2001-01-01,125.4,21,425.8,87.4,4.4,24.0,658216,24.856854838709676
2001-02-01,28.2,11,86.6,83.6,4.8,24.5,592592,24.788095238095234
2001-03-01,41.1,20,297.3,84.5,5.4,24.2,665565,25.350806451612904
2001-04-01,68.9,18,203.3,86.0,5.3,25.1,613320,25.86472222222222
2001-05-01,56.1,12,164.9,85.0,6.0,25.7,605891,26.47056451612903
2001-06-01,49.6,11,137.1,82.5,4.9,25.4,609958,25.77097222222222
2001-07-01,44.8,9,111.3,80.8,8.1,25.5,714944,25.7880376344086
2001-08-01,36.6,14,158.3,83.7,4.9,25.2,693902,25.804973118279573
2001-09-01,74.3,13,162.0,82.3,6.2,25.2,593827,25.575833333333332
2001-10-01,77.2,20,252.2,83.7,4.4,24.7,569622,25.423387096774192
2001-11-01,102.6,15,175.3,84.9,3.7,24.7,534049,25.157083333333333
2001-12-01,211.1,20,609.0,86.8,4.5,24.1,670277,24.94233870967742
2002-01-01,83.8,11,221.2,83.6,6.9,24.5,596710,24.83279569892473
2002-02-01,41.7,2,50.8,80.9,7.4,24.5,598861,24.705357142857142
2002-03-01,26.4,8,55.6,80.8,7.6,25.1,655151,25.528494623655916
2002-04-01,39.4,13,116.5,82.3,6.6,25.6,622301,26.13722222222222
2002-05-01,75.9,13,236.6,82.3,6.2,26.1,606144,26.417473118279567
2002-06-01,45.8,12,83.1,82.1,6.3,26.0,601969,26.222638888888888
2002-07-01,69.5,11,233.7,82.7,6.8,25.5,679574,26.05510752688172
2002-08-01,17.8,14,54.2,79.2,6.7,25.6,671638,25.624193548387098
2002-09-01,38.9,9,124.2,81.7,5.5,25.1,597453,25.545555555555556
2002-10-01,3.2,7,10.8,79.8,6.2,25.7,638673,25.838306451612905
2002-11-01,84.0,15,307.2,85.8,4.6,24.5,588742,25.49833333333333
2002-12-01,38.6,24,255.0,88.7,4.8,24.7,709616,25.680779569892472
2003-01-01,194.4,20,444.2,86.9,4.7,24.4,641734,24.92970430107527
2003-02-01,82.2,13,172.9,85.0,5.8,24.4,613395,25.087648809523813
2003-03-01,38.3,11,154.6,83.8,6.9,25.2,559945,25.84704301075269
2003-04-01,42.9,20,159.9,86.7,5.1,25.3,203562,26.094305555555557
2003-05-01,33.0,11,81.8,81.7,5.8,26.5,177808,26.612903225806452
2003-06-01,23.2,12,50.3,78.5,7.0,26.0,316587,25.94916666666667
2003-07-01,30.9,14,170.4,81.7,5.6,25.1,540914,25.634543010752687
2003-08-01,64.4,13,193.6,83.1,6.1,25.5,602240,25.924865591397847
2003-09-01,60.0,15,205.3,84.8,5.0,24.8,556871,25.566666666666666
2003-10-01,56.6,21,351.4,84.9,5.1,24.5,586390,25.548521505376343
2003-11-01,41.3,19,133.8,87.3,4.2,24.7,635716,25.443055555555556
2003-12-01,92.1,17,273.0,87.2,3.9,24.3,691786,24.87150537634409
2004-01-01,177.8,13,600.9,86.7,6.7,24.2,651951,25.08225806451613
2004-02-01,19.2,4,31.9,80.5,7.7,24.7,591565,24.958189655172415
2004-03-01,122.8,16,269.4,85.8,4.8,24.7,626350,25.739919354838708
2004-04-01,18.1,9,57.1,82.3,7.0,26.1,653156,26.369027777777777
2004-05-01,73.4,13,137.6,82.1,6.0,26.4,660347,26.447580645161292
2004-06-01,68.1,8,127.2,79.8,6.3,26.1,687016,26.183611111111112
2004-07-01,34.3,20,166.6,85.3,4.2,24.5,802890,25.38817204301075
2004-08-01,111.5,8,185.2,80.3,7.3,25.4,746317,25.537365591397847
2004-09-01,29.1,14,128.9,83.6,5.9,25.0,658510,25.570277777777775
2004-10-01,25.3,13,125.6,83.9,5.0,25.0,696431,25.57338709677419
2004-11-01,62.4,15,166.2,86.1,5.8,24.6,752614,25.41375
2004-12-01,36.4,14,139.8,85.2,4.9,24.5,801497,24.87244623655914
2005-01-01,96.7,8,163.2,83.3,6.5,23.9,668334,24.395967741935483
2005-02-01,7.2,3,8.4,77.7,9.1,25.3,627367,25.330357142857142
2005-03-01,20.5,12,82.4,80.3,7.2,25.4,732753,25.70577956989247
2005-04-01,49.6,10,81.7,81.0,7.0,25.7,702985,26.036805555555556
2005-05-01,58.7,20,331.1,84.6,5.5,25.2,709777,26.366532258064517
2005-06-01,27.6,15,82.3,82.7,5.4,26.1,747475,26.405694444444443
2005-07-01,26.3,15,104.0,84.0,5.4,25.2,877392,25.849865591397847
2005-08-01,13.8,13,58.5,82.9,6.5,25.5,811099,25.900134408602153
2005-09-01,43.4,18,175.7,84.2,6.2,25.2,705110,25.996111111111112
2005-10-01,76.2,19,314.5,85.2,5.1,24.7,745129,25.58185483870968
2005-11-01,133.8,23,362.9,86.4,4.4,24.4,786117,25.43236111111111
2005-12-01,47.3,19,166.0,85.6,4.5,24.6,829483,25.326478494623657
2006-01-01,131.7,20,454.4,87.8,4.8,24.1,767908,24.865591397849464
2006-02-01,44.5,8,115.5,84.0,7.4,24.8,728158,25.37842261904762
2006-03-01,35.7,9,83.1,81.3,7.1,25.2,819985,25.692204301075268
2006-04-01,43.3,18,239.8,87.0,5.3,24.8,816654,25.854444444444447
2006-05-01,36.6,14,205.7,85.2,5.0,25.4,766181,26.103629032258063
2006-06-01,37.3,16,236.8,86.3,5.5,25.1,788955,25.99152777777778
2006-07-01,54.8,15,153.8,83.8,6.9,25.7,914879,26.21155913978495
2006-08-01,30.4,14,127.3,81.9,6.7,25.5,870763,25.854569892473116
2006-09-01,32.2,12,83.3,81.0,5.3,25.4,715527,25.40486111111111
2006-10-01,37.8,8,102.0,80.9,4.8,25.4,857821,25.69327956989247
2006-11-01,64.0,18,185.6,87.4,5.6,24.5,800732,25.550416666666667
2006-12-01,198.0,22,765.9,88.5,3.2,24.3,903578,25.12217741935484
2007-01-01,143.8,20,450.1,86.8,4.1,24.2,825919,24.72083333333333
2007-02-01,51.4,3,105.5,82.5,7.6,24.5,758341,24.870535714285715
2007-03-01,68.8,21,269.1,84.9,5.8,24.6,858661,25.42043010752688
2007-04-01,102.4,14,240.2,84.7,5.9,25.2,819505,26.00986111111111
2007-05-01,21.9,16,127.2,84.8,5.5,25.3,821248,26.221236559139783
2007-06-01,38.0,12,139.0,82.8,6.0,25.4,850514,26.059583333333336
2007-07-01,23.0,19,141.7,84.8,3.8,25.1,952836,25.697580645161292
2007-08-01,55.9,20,190.7,82.9,5.7,25.0,913181,25.4252688172043
2007-09-01,52.1,13,149.0,83.3,5.8,25.0,771453,25.593194444444443
2007-10-01,51.8,16,237.2,83.2,5.6,24.9,917427,25.488575268817204
2007-11-01,60.1,21,367.9,86.5,3.5,24.0,841648,25.105833333333333
2007-12-01,159.0,20,468.6,86.8,4.5,24.1,953812,24.704301075268816
2008-01-01,123.1,19,262.6,86.0,6.1,24.3,885290,24.903360215053763
2008-02-01,48.5,8,129.2,82.9,5.5,24.0,813028,24.427298850574715
2008-03-01,48.1,16,294.1,87.1,4.3,24.0,910635,24.830510752688173
2008-04-01,34.2,13,87.2,82.0,6.0,25.1,829438,25.641805555555553
2008-05-01,42.3,11,124.9,79.1,6.6,26.0,833604,25.849596774193547
2008-06-01,45.2,12,118.3,81.5,5.6,25.3,822954,25.66333333333333
2008-07-01,23.5,15,89.1,81.3,4.9,25.1,922569,25.311155913978496
2008-08-01,133.9,18,327.3,83.8,5.5,24.7,850016,25.284408602150535
2008-09-01,43.5,18,164.4,82.7,5.1,24.6,745794,25.344722222222224
2008-10-01,41.6,19,159.5,84.9,4.5,25.0,849400,25.546505376344083
2008-11-01,63.3,16,324.3,85.9,4.0,24.5,765325,25.379583333333333
2008-12-01,52.0,17,244.2,83.7,4.8,24.3,888001,24.690591397849463
2009-01-01,36.0,5,38.3,79.1,6.6,24.2,772138,23.982795698924733
2009-02-01,74.2,8,201.8,80.7,6.4,24.2,689935,24.64627976190476
2009-03-01,56.3,19,223.3,85.4,5.5,24.1,791236,25.2
2009-04-01,86.6,12,183.7,82.2,6.2,25.4,778975,26.000694444444445
2009-05-01,41.3,17,198.6,83.0,6.6,25.3,726391,26.366666666666667
2009-06-01,5.8,8,21.8,79.8,7.0,26.2,750404,26.281666666666666
2009-07-01,24.4,16,161.0,80.8,6.2,25.3,882107,25.6002688172043
2009-08-01,35.5,12,177.8,80.7,6.5,25.6,844649,25.64354838709677
2009-09-01,63.0,13,109.6,82.0,5.6,25.5,799496,25.86611111111111
2009-10-01,38.4,15,133.4,82.8,5.4,25.2,844953,25.861424731182797
2009-11-01,61.4,23,281.8,85.6,4.7,24.8,830173,25.274583333333336
2009-12-01,42.6,18,189.8,86.3,4.7,24.6,972233,25.261693548387097
2010-01-01,24.5,10,69.5,82.1,7.1,24.4,908495,25.016397849462365
2010-02-01,2.9,4,6.3,77.3,8.8,25.5,857387,25.641964285714288
2010-03-01,57.6,11,238.0,79.9,6.1,25.1,928903,25.731989247311827
2010-04-01,40.0,18,158.5,84.1,6.2,25.0,939013,26.349444444444444
2010-05-01,90.5,17,157.5,82.2,6.5,25.9,946676,26.713575268817205
2010-06-01,43.0,19,240.5,83.9,5.1,25.2,951032,26.11875
2010-07-01,121.1,18,298.5,84.8,4.6,24.6,1095047,25.6497311827957
2010-08-01,60.2,16,158.4,84.2,5.4,24.6,996899,25.741263440860216
2010-09-01,28.0,13,121.5,82.5,5.7,24.9,947585,25.610833333333332
2010-10-01,58.1,17,166.2,82.3,4.2,25.1,978913,25.80282258064516
2010-11-01,41.6,21,278.8,85.9,5.0,24.2,964170,25.448611111111113
2010-12-01,85.8,14,181.4,85.3,3.6,23.9,1127581,24.836290322580645
2011-01-01,216.2,17,513.2,85.8,4.5,23.5,1055990,24.433467741935484
2011-02-01,17.4,8,23.0,81.1,7.5,24.1,990118,24.69151785714286
2011-03-01,54.0,22,256.6,85.5,4.6,23.9,1071960,25.072311827956987
2011-04-01,61.8,12,217.8,83.9,7.2,24.6,1103320,25.689999999999998
2011-05-01,34.2,15,127.0,85.3,5.9,25.2,1054104,26.479166666666668
2011-06-01,82.0,15,213.0,83.7,5.0,25.2,1080066,26.13875
2011-07-01,30.0,7,76.6,81.3,7.8,25.5,1273870,26.110483870967744
2011-08-01,30.2,13,81.4,82.6,6.1,25.6,1178511,25.56048387096774
2011-09-01,40.4,14,136.4,82.7,5.1,25.1,1033747,25.50986111111111
2011-10-01,54.0,20,216.8,87.4,5.3,24.7,1085193,25.508198924731182
2011-11-01,78.6,24,377.8,87.8,4.6,24.6,1027787,25.45347222222222
2011-12-01,87.4,21,284.6,88.4,3.3,24.5,1216637,25.062634408602147
2012-01-01,26.2,16,106.1,87.3,6.0,24.3,1198507,25.007930107526885
2012-02-01,38.4,11,83.6,85.6,7.0,24.8,1134554,25.257183908045977
2012-03-01,92.3,21,313.4,87.3,4.2,24.4,1243133,25.314247311827955
2012-04-01,48.4,20,260.6,85.1,5.8,24.8,1201953,25.57111111111111
2012-05-01,79.2,19,292.0,83.1,5.6,24.8,1146448,25.842473118279568
2012-06-01,38.2,8,53.0,79.0,6.0,26.3,1157739,25.799305555555556
2012-07-01,35.4,17,130.8,81.1,6.2,25.3,1283611,25.18494623655914
2012-08-01,31.0,12,119.0,79.8,6.1,25.4,1313604,25.202016129032256
2012-09-01,35.8,10,107.6,79.7,5.6,25.3,1051348,25.150555555555556
2012-10-01,22.6,13,122.2,81.3,5.9,25.2,1192580,25.155779569892474
2012-11-01,49.2,22,208.2,85.4,4.4,24.7,1212079,25.138472222222223
2012-12-01,78.8,22,363.4,87.0,3.6,24.4,1360536,24.978494623655912
2013-01-01,73.0,15,262.0,82.1,6.0,24.6,1291718,24.62849462365591
2013-02-01,95.2,22,395.2,86.9,4.0,24.3,1221365,24.79285714285714
2013-03-01,29.6,10,85.8,80.4,7.5,25.6,1368891,25.5497311827957
2013-04-01,41.6,19,159.4,82.7,5.2,25.3,1274246,25.81625
2013-05-01,46.2,17,211.4,83.1,5.4,25.6,1288282,25.848387096774193
2013-06-01,22.4,12,111.4,74.6,6.4,25.9,1288950,25.30388888888889
2013-07-01,37.4,15,174.6,79.9,5.7,25.2,1419657,25.04193548387097
2013-08-01,43.2,15,165.6,79.0,6.1,25.1,1483520,25.04422043010753
2013-09-01,52.6,19,257.0,81.3,4.6,24.8,1176142,25.012916666666666
2013-10-01,139.8,19,285.4,79.9,6.3,24.6,1203746,24.95766129032258
2013-11-01,44.0,22,292.4,84.6,4.5,24.5,1184002,25.066666666666666
2013-12-01,119.8,21,348.2,85.8,3.5,24.1,1367404,24.609139784946237
2014-01-01,31.2,5,75.4,78.5,5.3,24.0,1345842,23.391129032258064
2014-02-01,0.2,1,0.2,74.5,8.8,24.5,1238239,23.708333333333332
2014-03-01,52.6,6,66.0,76.0,8.0,25.1,1297551,24.54462365591398
2014-04-01,28.8,17,110.0,80.0,5.7,25.5,1245307,25.461805555555557
2014-05-01,22.2,18,125.8,80.2,5.8,25.8,1208532,25.811424731182797
2014-06-01,18.8,11,71.4,77.5,6.0,26.3,1181422,25.880972222222223
2014-07-01,29.0,15,148.6,78.3,5.5,25.8,1408400,25.704704301075267
2014-08-01,44.2,20,241.0,79.7,4.5,25.2,1362935,24.933198924731183
2014-09-01,34.6,9,83.6,75.6,7.0,25.7,1098626,25.079583333333332
2014-10-01,32.8,10,120.0,77.0,6.0,25.7,1203527,25.170295698924733
2014-11-01,64.4,23,250.8,82.4,5.4,24.8,1144230,25.094722222222224
2014-12-01,48.2,17,245.6,82.6,3.7,24.7,1360541,24.71545698924731
2015-01-01,33.6,6,79.6,77.6,7.4,24.6,1252608,23.8377688172043
2015-02-01,10.8,6,18.8,75.4,7.3,24.4,1188818,23.633035714285715
2015-03-01,46.0,5,84.4,75.8,7.3,25.5,1201648,24.765860215053763
2015-04-01,18.8,13,73.2,77.1,7.2,25.9,1208624,25.373055555555553
2015-05-01,22.2,12,89.0,78.9,5.8,26.4,1222836,25.795564516129033
2015-06-01,28.4,10,95.8,75.8,6.7,26.6,1184747,25.58625
2015-07-01,45.8,13,116.8,74.9,7.1,26.7,1519233,25.54422043010753
2015-08-01,63.2,11,185.8,76.7,6.1,26.0,1445062,25.17755376344086
2015-09-01,18.4,8,61.6,75.0,4.3,26.5,1131976,25.183611111111112
2015-10-01,28.6,9,87.2,75.4,4.7,26.1,1246947,25.2127688172043
2015-11-01,25.8,13,72.6,79.1,4.8,25.5,1203992,25.090416666666666
2015-12-01,40.4,19,302.3,81.1,5.3,25.0,1424978,25.13037634408602
2016-01-01,39.6,15,126.6,79.6,7.2,26.0,1412123,25.472580645161287
2016-02-01,71.8,10,186.0,78.8,6.5,25.6,1335097,24.938505747126438
2016-03-01,2.4,6,6.2,74.7,8.0,26.6,1406607,25.40456989247312
2016-04-01,18.2,14,89.8,75.6,7.0,26.7,1393972,25.945277777777775
2016-05-01,54.8,12,193.8,77.4,6.2,26.5,1357543,26.075806451612905
2016-06-01,67.8,13,162.8,77.7,5.4,26.1,1270531,25.419166666666666
2016-07-01,59.4,20,168.6,77.3,6.3,25.8,1622405,25.259543010752687
2016-08-01,30.6,15,139.2,74.0,6.7,26.2,1481876,25.236155913978497
2016-09-01,34.0,15,118.9,73.9,5.5,25.1,1144063,24.610138888888887
2016-10-01,75.4,16,181.0,72.0,4.6,25.2,1237675,24.35282258064516
2016-11-01,65.6,20,290.2,77.6,3.5,24.9,1235433,24.353194444444444
2016-12-01,73.0,23,292.6,72.8,5.1,24.7,1506134,23.570833333333333
2017-01-01,60.6,21,197.6,84.8,4.8,24.7,1480479,24.893010752688173
2017-02-01,31.0,15,158.4,83.2,7.1,24.7,1361010,24.679464285714282
2017-03-01,30.2,11,136.2,82.5,6.1,24.9,1480161,24.988440860215057
2017-04-01,42.8,21,208.6,83.5,5.3,25.0,1470750,25.54638888888889
2017-05-01,44.8,15,190.0,82.8,5.9,25.9,1363897,26.114650537634407
2017-06-01,29.6,10,106.0,80.2,6.3,25.9,1387601,25.75847222222222
2017-07-01,30.2,9,79.6,79.6,7.0,26.0,1632135,25.50577956989247
2017-08-01,29.4,18,84.2,79.9,6.1,25.9,1559283,25.39059139784946
2017-09-01,20.2,19,124.4,81.0,5.7,25.4,1320050,25.380555555555556
2017-10-01,31.2,18,120.8,82.5,5.5,25.3,1402299,25.47970430107527
2017-11-01,45.2,24,268.6,86.3,4.2,24.6,1397330,25.229999999999997
2017-12-01,69.8,23,371.2,85.2,5.6,24.6,1569616,25.010080645161292
2018-01-01,45.8,25,287.0,86.6,4.1,24.0,1563359,24.34543010752688
2018-02-01,13.0,5,14.8,77.2,8.0,24.8,1491970,24.058630952380952
2018-03-01,15.2,10,44.6,78.4,6.4,25.4,1584406,24.96532258064516
2018-04-01,14.0,14,61.2,78.5,6.8,25.8,1544248,25.470000000000002
2018-05-01,47.4,19,132.2,79.0,5.8,26.2,1470891,25.72244623655914
2018-06-01,46.8,17,182.6,79.3,4.1,25.6,1544679,25.57097222222222
2018-07-01,32.4,10,143.2,77.7,6.1,26.0,1732896,25.403091397849465
2018-08-01,34.6,11,121.6,77.0,6.7,26.1,1683122,25.324596774193548
2018-09-01,45.0,13,144.4,77.1,6.0,25.3,1415149,24.81625
2018-10-01,60.6,18,234.4,79.7,6.1,25.2,1467380,25.083870967741937
2018-11-01,20.6,27,169.6,83.2,3.8,24.6,1406985,25.04638888888889
2018-12-01,43.8,19,172.6,81.5,5.1,25.3,1603217,25.06532258064516
2019-01-01,38.2,9,63.6,75.6,7.1,25.6,1624593,24.605376344086025
2019-02-01,13.4,5,31.6,74.1,9.2,25.4,1499051,24.58169642857143
2019-03-01,29.0,6,72.2,72.3,8.3,25.6,1564664,24.7375
2019-04-01,52.4,9,174.8,77.6,5.9,25.9,1596724,25.502777777777776
2019-05-01,17.2,13,69.0,79.2,7.0,26.5,1487791,26.34193548387097
2019-06-01,37.6,16,173.8,79.5,5.3,26.1,1551847,25.61277777777778
2019-07-01,6.6,8,12.2,75.2,7.5,26.9,1802593,25.546505376344083
2019-08-01,3.8,6,11.8,72.1,7.6,27.1,1736102,25.14758064516129
2019-09-01,16.4,4,22.8,73.0,6.7,26.6,1463543,25.17666666666667
2019-10-01,92.2,15,176.8,78.1,6.5,25.3,1530479,25.08306451612903
2019-11-01,73.4,15,137.4,79.2,5.5,25.4,1533668,25.128194444444443
2019-12-01,74.2,14,421.5,83.9,4.8,24.6,1724961,24.581317204301076
2020-01-01,38.0,6,88.4,77.9,7.1,25.2,1688102,24.690725806451614
2020-02-01,23.8,8,65.0,76.0,8.3,25.3,732966,24.543390804597703
2020-03-01,47.4,8,108.8,75.2,7.6,25.9,240001,25.122580645161293
2020-04-01,51.8,12,188.0,76.4,7.1,26.0,750,25.509722222222223
2020-05-01,53.8,16,255.6,79.1,5.7,26.1,880,26.02405913978495
2020-06-01,41.0,21,233.8,80.2,4.3,25.5,2171,25.440416666666664
2020-07-01,30.4,22,140.8,78.2,5.7,25.5,6843,25.021639784946235
2020-08-01,34.6,12,103.4,76.8,6.4,25.9,8912,25.113844086021505
2020-09-01,32.8,18,150.2,79.0,4.8,24.9,9500,24.719305555555557
2020-10-01,19.0,16,78.8,75.4,4.3,25.6,13399,24.916263440860217
2020-11-01,64.2,19,220.6,81.7,4.0,25.0,14749,24.803055555555556
2020-12-01,58.2,20,253.2,81.1,5.2,24.5,24170,24.651612903225807
2021-01-01,210.6,17,692.8,82.6,4.2,23.8,23366,23.73333333333333
2021-02-01,0.6,2,1.0,73.8,8.2,24.8,18141,23.745386904761904
2021-03-01,38.0,14,182.4,76.6,7.3,25.0,27202,24.68938172043011
2021-04-01,83.8,14,290.4,77.4,6.8,25.3,25737,25.122500000000002
2021-05-01,49.8,13,245.8,79.3,6.0,26.0,14190,25.861424731182797
2021-06-01,23.8,20,93.4,77.8,6.5,25.6,10029,25.489305555555553
2021-07-01,75.0,12,195.8,76.5,6.8,26.2,18517,25.36922043010753
2021-08-01,71.4,24,293.6,80.4,4.8,24.8,15887,24.96317204301075
2021-09-01,63.4,14,205.4,77.3,6.4,25.6,19009,25.195833333333333
2021-10-01,59.6,14,177.0,78.3,6.2,25.8,24006,25.493682795698923
2021-11-01,47.8,23,312.4,81.7,4.9,24.8,41179,25.111944444444443
2021-12-01,46.8,15,119.6,79.7,5.4,25.4,92796,24.95604838709677
2022-01-01,50.0,9,99.8,77.4,8.3,24.9,57174,24.380913978494625
2022-02-01,29.6,16,175.0,80.3,5.9,24.8,67765,24.64985119047619
2022-03-01,36.2,21,163.2,79.2,6.4,25.1,121207,25.253225806451614
2022-04-01,58.8,18,239.6,80.0,5.2,25.1,295095,25.375416666666666
2022-05-01,44.6,12,102.0,76.5,6.7,26.2,418458,25.881317204301077
2022-06-01,59.4,17,211.8,79.1,4.7,25.3,543733,25.118055555555557
2022-07-01,27.8,16,145.2,76.8,6.2,25.8,726739,25.43911290322581
2022-08-01,32.4,15,141.4,77.4,5.5,25.8,728744,25.072311827956987
